{"cameraMode":{"drawMode":0,"name":"Shaded","section":"Shading Mode"},"sceneLighting":false,"audioPlay":false,"sceneViewState":{"m_AlwaysRefresh":false,"showFog":true,"showSkybox":false,"showFlares":true,"showImageEffects":true,"showParticleSystems":true,"showVisualEffectGraphs":true,"m_FxEnabled":true},"in2DMode":false,"pivot":{"x":-0.7120910882949829,"y":-0.33707284927368166,"z":-1.4283151626586915},"rotation":{"x":-0.2564898729324341,"y":0.14661817252635957,"z":-0.03939462825655937,"w":-0.9545555710792542},"size":3.607527256011963,"orthographic":false}